Age,LoanAmount,Total_Income,Loan_Amount_Term,Credit_History,Cibil_Score,Adhar_Card,Gender_Female,Gender_Male,Married_No,Married_Yes,Education_Graduate,Education_Not Graduate,Self_Employed_No,Self_Employed_Yes,Application_Area_Rural,Application_Area_Semiurban,Application_Area_Urban,Loan_Status
39,30402,490452,36,1,825,1,0,1,1,0,1,0,1,0,0,0,1,1
29,128000,103112,36,1,521,0,0,1,0,1,1,0,1,0,1,0,0,0
36,66000,400140,36,1,808,1,0,1,0,1,1,0,0,1,0,0,1,1
57,120000,389298,36,1,827,1,0,1,0,1,0,1,1,0,0,0,1,1
37,141000,103756,36,1,815,1,0,1,1,0,1,0,1,0,0,0,1,1
45,267000,439040,36,1,837,1,0,1,0,1,1,0,0,1,0,0,1,1
27,95000,202324,36,1,775,1,0,1,0,1,0,1,1,0,0,0,1,1
22,158000,87596,36,0,474,0,0,1,0,1,1,0,1,0,0,1,0,0
27,168000,525914,36,1,847,1,0,1,0,1,1,0,1,0,0,0,1,1
33,349000,165060,36,1,476,0,0,1,0,1,1,0,1,0,0,1,0,0
27,70000,132328,36,1,771,1,0,1,0,1,1,0,1,0,0,0,1,1
50,109000,730024,36,1,800,1,0,1,0,1,1,0,0,0,0,0,1,1
51,200000,578262,36,1,757,1,0,1,0,1,1,0,1,0,0,0,1,1
34,114000,47012,36,1,460,0,0,1,1,0,1,0,1,0,1,0,0,0
31,17000,523554,12,1,757,1,0,1,0,1,1,0,1,0,0,0,1,1
42,125000,344016,36,1,834,1,0,1,1,0,1,0,1,0,0,0,1,1
58,100000,1074360,24,1,785,1,0,1,1,0,0,1,1,0,0,0,1,1
30,76000,62640,36,0,459,0,1,0,1,0,1,0,1,0,0,0,1,0
40,133000,37140,36,1,555,0,0,1,0,1,0,1,1,0,1,0,0,0
51,115000,730364,36,1,812,1,0,1,0,1,1,0,0,0,0,0,1,1
31,104000,117852,36,0,584,0,0,1,0,1,0,1,1,0,0,0,1,0
52,315000,678501,36,1,810,1,0,1,0,1,1,0,1,0,0,0,1,1
26,116000,33123,36,0,365,0,0,1,0,1,0,1,1,0,0,1,0,0
25,112000,79653,36,0,598,0,0,0,0,1,0,1,1,0,1,0,0,0
35,151000,91185,36,0,560,0,0,1,0,1,1,0,0,1,0,1,0,0
53,191000,340644,36,1,798,1,0,1,0,1,1,0,0,1,0,1,0,1
57,122000,882573,36,1,773,1,0,1,0,1,1,0,1,0,0,1,0,1
29,110000,532256,36,1,796,1,0,1,0,1,0,1,1,0,0,0,1,1
25,35000,86460,36,1,468,0,0,1,1,0,0,1,1,0,0,0,1,0
33,120000,255415,36,1,838,1,1,0,1,0,1,0,0,0,0,1,0,1
32,201000,122337,36,0,563,0,0,1,0,1,1,0,0,1,0,0,1,0
34,74000,118008,36,1,527,0,0,1,1,0,1,0,1,0,0,0,1,0
28,106000,93168,36,1,542,0,0,1,1,0,1,0,0,1,1,0,0,0
38,114000,635267,36,1,815,1,0,1,0,1,1,0,1,0,0,1,0,1
28,320000,153000,36,1,480,0,0,1,1,0,1,0,1,0,1,0,0,0
32,30947,1091331,36,1,812,1,0,1,0,1,1,0,1,0,0,0,1,1
28,100000,66130,18,0,650,0,0,1,0,1,1,0,1,0,0,0,1,0
35,144000,796183,36,1,778,1,1,0,0,1,1,0,1,0,0,1,0,1
56,184000,897430,36,1,832,1,0,1,1,0,1,0,1,0,0,0,1,1
32,110000,852900,36,1,795,1,0,1,1,0,0,1,1,0,0,1,0,1
21,80000,93756,36,1,520,0,0,1,1,0,1,0,1,0,0,0,1,0
53,47000,211993,36,1,821,1,0,1,1,0,1,0,1,0,0,0,1,1
40,75000,1041768,36,0,767,1,0,1,0,1,1,0,1,0,0,0,1,1
37,134000,914120,36,1,789,1,0,1,0,1,1,0,1,0,0,1,0,1
33,96000,210900,18,1,803,1,0,1,0,1,0,1,0,1,0,0,1,1
47,88000,921264,18,1,812,1,1,0,1,0,1,0,1,0,0,0,1,1
31,44000,297816,36,1,762,1,0,1,0,1,1,0,1,0,0,0,1,1
33,144000,764628,36,1,801,1,0,1,0,1,1,0,1,0,0,0,1,1
37,120000,98468,36,0,474,0,1,0,0,1,1,0,1,0,0,0,1,0
48,144000,216187,36,1,781,1,1,0,1,0,1,0,1,0,0,1,0,1
46,100000,989004,36,1,806,1,1,0,0,1,0,1,1,0,0,1,0,1
33,120000,1119864,36,1,839,1,1,0,1,0,1,0,1,0,0,1,0,1
24,112000,57780,36,1,494,0,1,0,1,0,1,0,1,0,0,1,0,0
24,134000,78960,36,1,564,0,0,1,0,1,1,0,1,0,0,0,1,0
22,286000,138000,36,0,602,0,1,0,0,1,1,0,0,1,0,0,1,0
51,97000,709659,36,1,781,1,0,1,0,1,1,0,1,0,0,1,0,1
46,96000,980383,36,1,829,1,0,1,0,1,1,0,1,0,0,1,0,1
30,135000,81100,36,1,554,0,0,1,0,1,1,0,1,0,1,0,0,0
32,180000,976458,36,1,794,1,0,1,0,1,1,0,1,0,0,0,1,1
47,144000,306963,36,1,819,1,0,1,0,1,0,1,1,0,0,0,1,1
36,120000,1061572,36,1,791,1,0,1,0,1,1,0,1,0,0,0,1,1
40,99000,433908,36,1,847,1,0,1,0,1,1,0,1,0,0,0,1,1
26,165000,51545,18,0,519,0,0,1,0,1,0,1,0,1,1,0,0,0
29,31144,31968,36,0,583,0,0,1,0,1,1,0,1,0,1,0,0,0
33,116000,46308,36,0,403,0,1,0,1,0,1,0,1,0,0,1,0,0
35,258000,112139,36,1,486,0,0,1,0,1,1,0,1,0,0,1,0,0
26,126000,96418,18,0,435,0,0,1,1,0,0,1,1,0,0,0,1,0
21,312000,537708,36,1,831,1,0,1,0,1,1,0,1,0,0,0,1,1
50,125000,1111404,6,1,788,1,0,1,0,1,0,1,0,1,0,0,1,1
32,136000,118224,36,0,568,0,1,0,1,0,1,0,1,0,0,1,0,0
54,172000,307890,36,1,820,1,0,1,0,1,1,0,1,0,0,0,1,1
34,97000,303279,36,1,777,1,0,1,0,1,0,1,0,1,0,1,0,1
32,81000,219996,3,1,814,1,0,1,1,0,1,0,1,0,0,1,0,1
39,95000,46464,18,0,437,0,0,1,0,1,0,1,1,0,0,1,0,0
30,187000,414430,36,1,840,1,0,1,0,1,1,0,0,1,0,1,0,1
39,113000,56964,48,1,487,0,0,1,1,0,1,0,1,0,0,0,1,0
35,176000,103414,36,1,513,0,0,1,1,0,1,0,1,0,0,0,1,0
40,110000,92830,36,1,526,0,0,1,0,1,1,0,0,1,0,0,1,0
30,180000,118732,3,0,433,0,0,1,0,1,1,0,1,0,0,1,0,0
52,130000,545706,36,1,817,1,0,1,0,1,0,1,0,1,0,1,0,1
48,111000,201120,36,1,785,1,1,0,1,0,1,0,1,0,0,1,0,1
23,31649,857424,36,1,781,1,0,1,0,1,1,0,0,1,0,1,0,1
28,167000,32901,36,1,518,0,1,0,0,1,1,0,1,0,0,0,1,0
22,265000,60474,36,0,469,0,0,1,0,1,1,0,1,0,0,1,0,0
49,50000,676284,24,1,780,1,0,1,0,1,1,0,1,0,0,0,1,1
51,136000,417947,36,1,791,1,0,1,1,0,1,0,1,0,0,1,0,1
52,99000,1021808,36,1,785,1,0,1,0,1,0,1,1,0,0,1,0,1
58,104000,334182,36,1,846,1,0,1,0,1,1,0,1,0,0,1,0,1
30,210000,227676,36,1,806,1,0,1,1,0,1,0,1,0,0,0,1,1
53,175000,953223,36,1,816,1,0,1,0,1,1,0,1,0,0,1,0,1
27,131000,422240,36,1,805,1,0,1,0,1,1,0,1,0,0,1,0,1
25,188000,1080362,18,1,848,1,0,1,0,1,1,0,1,0,0,1,0,1
21,81000,187640,36,1,770,1,0,1,0,1,0,1,1,0,0,0,1,1
37,122000,1026864,36,1,826,1,0,1,1,0,1,0,1,0,0,1,0,1
47,25000,1027656,12,1,826,1,0,1,1,0,0,1,1,0,0,1,0,1
29,30589,114240,36,0,525,0,0,1,1,0,1,0,0,1,0,0,1,0
32,137000,926554,36,1,815,1,1,0,0,1,1,0,1,0,0,1,0,1
42,50000,615253,36,1,788,1,0,1,0,1,1,0,1,0,0,1,0,1
59,115000,286968,18,1,838,1,0,1,0,1,0,1,1,0,0,1,0,1
27,131000,990817,36,1,780,1,0,1,0,1,1,0,1,0,0,1,0,1
56,133000,924095,18,1,796,1,0,1,0,1,0,1,1,0,0,0,1,1
38,151000,726518,36,1,836,1,0,1,1,0,1,0,1,0,0,1,0,1
30,31913,374388,36,1,812,1,0,1,0,1,1,0,1,0,0,0,1,1
45,30918,186991,36,1,793,1,0,1,0,1,1,0,1,0,0,1,0,1
34,160000,764194,36,1,836,1,0,1,0,0,1,0,1,0,0,0,1,1
24,100000,376666,36,1,807,1,0,1,0,1,1,0,1,0,0,0,1,1
28,225000,1029586,36,1,809,1,0,1,0,1,1,0,1,0,0,0,1,1
24,120000,49380,36,1,557,0,0,1,1,0,0,1,0,1,1,0,0,0
33,216000,119652,36,0,371,0,0,1,0,1,1,0,1,0,0,0,1,0
37,94000,592114,48,1,754,1,0,1,0,1,0,1,1,0,0,1,0,1
27,136000,845124,36,1,768,1,0,1,1,0,1,0,1,0,0,0,1,1
59,139000,342785,36,1,766,1,1,0,0,1,1,0,0,0,0,1,0,1
23,152000,103222,18,0,363,0,0,1,0,1,0,1,1,0,1,0,0,0
53,30874,845820,36,1,831,1,1,0,1,0,1,0,0,1,0,1,0,1
36,118000,557628,36,1,812,1,0,1,1,0,1,0,0,0,0,1,0,1
22,185000,809424,18,1,816,1,0,1,0,1,1,0,1,0,1,0,0,1
22,154000,1089735,36,1,819,1,1,0,0,1,1,0,1,0,0,1,0,1
47,85000,1143678,36,1,847,1,0,1,0,1,1,0,1,0,0,0,1,1
26,175000,99570,36,1,453,0,0,1,0,1,1,0,1,0,1,0,0,0
59,259000,519816,36,1,845,1,1,0,1,0,1,0,1,0,0,0,1,1
31,180000,874359,36,1,764,1,0,1,0,1,1,0,1,0,1,0,0,1
24,44000,153168,36,1,810,1,1,0,1,0,1,0,1,0,0,1,0,1
43,137000,440440,36,0,769,1,1,0,1,0,1,0,1,0,0,1,0,1
45,81000,982632,36,1,821,1,0,1,0,1,1,0,1,0,0,1,0,1
45,194000,206062,36,1,788,1,0,1,0,1,0,1,1,0,1,0,0,1
44,93000,294732,36,1,815,1,1,0,1,0,1,0,1,0,1,0,0,1
44,370000,1080528,36,1,841,1,0,0,0,1,1,0,1,0,1,0,0,1
37,31280,915512,36,1,789,1,0,1,1,0,1,0,1,0,1,0,0,1
40,160000,130006,18,0,473,0,0,1,0,1,1,0,0,1,0,0,1,0
21,182000,36169,36,0,538,0,0,1,0,1,1,0,1,0,1,0,0,0
21,650000,532308,48,1,790,1,0,1,1,0,1,0,0,1,0,0,1,1
34,74000,1006233,36,1,771,1,0,1,1,0,1,0,1,0,0,0,1,1
54,70000,325512,36,1,810,1,0,1,1,0,1,0,1,0,0,1,0,1
25,25000,1184124,12,1,819,1,0,1,0,1,1,0,0,1,0,1,0,1
58,102000,244932,36,1,840,1,0,1,1,0,1,0,1,0,0,1,0,1
29,290000,62398,36,1,529,0,0,1,0,1,1,0,1,0,0,1,0,0
38,84000,46536,36,1,519,0,1,0,0,1,1,0,1,0,1,0,0,0
32,88000,835220,36,1,783,1,0,1,0,1,1,0,0,1,0,0,1,1
34,242000,179988,36,0,588,0,0,1,1,0,1,0,1,0,0,1,0,0
30,129000,68282,36,1,457,0,0,1,0,1,0,1,1,0,1,0,0,0
33,185000,51919,36,1,537,0,0,1,0,1,1,0,1,0,1,0,0,0
47,168000,1123488,36,1,814,1,0,1,1,0,1,0,1,0,0,0,1,1
38,175000,379440,18,1,784,1,0,1,1,0,1,0,0,1,0,1,0,1
58,122000,1082418,36,1,844,1,0,1,0,1,1,0,1,0,0,1,0,1
52,187000,1144260,18,1,804,1,0,1,0,1,1,0,1,0,0,0,1,1
34,100000,282322,36,1,786,1,1,0,0,1,1,0,1,0,0,1,0,1
22,70000,373068,36,1,809,1,1,0,0,1,1,0,1,0,0,0,1,1
28,30000,365673,36,1,764,1,0,1,0,1,1,0,1,0,0,0,1,1
26,225000,121666,36,1,481,0,1,0,1,0,1,0,1,0,1,0,0,0
29,125000,500918,36,1,794,1,0,1,0,1,1,0,1,0,0,1,0,1
32,118000,43788,36,0,393,0,0,1,1,0,1,0,1,0,1,0,0,0
46,152000,583962,36,1,834,1,0,1,0,1,1,0,0,1,1,0,0,1
26,244000,93024,36,1,486,0,0,1,1,0,1,0,1,0,0,0,1,0
40,113000,31200,36,1,512,0,0,1,0,1,0,1,1,0,1,0,0,0
30,50000,1026264,36,1,846,1,0,1,1,0,1,0,1,0,0,0,1,1
34,600000,354180,18,0,826,1,0,1,0,1,1,0,1,0,0,1,0,1
41,160000,436656,36,1,771,1,0,1,0,1,1,0,1,0,1,0,0,1
49,187000,918300,36,1,817,1,0,1,0,1,1,0,1,0,0,0,1,1
28,120000,411055,36,1,824,1,0,1,1,0,1,0,0,0,1,0,0,1
21,255000,403581,36,1,840,1,0,1,0,1,1,0,1,0,0,1,0,1
52,98000,445737,36,1,815,1,0,1,0,1,0,1,1,0,0,1,0,1
27,275000,53820,36,1,551,0,0,1,0,1,1,0,1,0,0,0,1,0
29,121000,72068,36,0,443,0,0,1,0,1,1,0,1,0,0,1,0,0
25,158000,784507,36,1,809,1,0,1,0,1,1,0,1,0,1,0,0,1
29,75000,495252,18,1,773,1,0,1,0,1,1,0,1,0,0,0,1,1
58,182000,1110742,18,1,764,1,0,1,0,1,1,0,1,0,1,0,0,1
31,112000,69444,36,1,457,0,1,0,0,1,1,0,1,0,1,0,0,0
24,129000,1166001,36,1,780,1,0,1,0,1,1,0,1,0,1,0,0,1
21,63000,91560,48,0,585,0,0,1,1,0,1,0,1,0,0,1,0,0
31,200000,572400,36,1,757,1,0,1,0,1,1,0,1,0,0,1,0,1
59,95000,217241,36,1,780,1,0,1,0,1,0,1,0,0,1,0,0,1
49,700000,1154628,3,1,768,1,0,0,0,1,1,0,1,0,0,0,1,1
33,81000,50388,18,1,547,0,0,1,0,1,0,1,1,0,1,0,0,0
31,187000,732117,36,1,785,1,0,1,0,1,1,0,1,0,0,1,0,1
39,87000,31672,36,1,522,0,0,1,0,1,0,1,0,1,0,1,0,0
40,116000,961856,36,1,809,1,0,1,0,1,1,0,1,0,1,0,0,1
56,101000,720059,36,1,757,1,0,1,0,1,1,0,1,0,1,0,0,1
38,495000,82568,36,0,362,0,0,1,0,1,1,0,1,0,0,1,0,0
57,116000,340020,36,1,790,1,0,1,0,1,1,0,1,0,0,1,0,1
33,102000,31475,48,0,601,0,0,1,1,0,0,1,1,0,0,0,1,0
23,180000,90266,36,0,382,0,0,1,0,1,1,0,1,0,0,0,1,0
40,67000,108647,36,0,531,0,0,1,1,0,1,0,1,0,1,0,0,0
45,73000,1178340,18,1,812,1,0,1,0,1,1,0,1,0,0,1,0,1
39,260000,406152,36,1,480,0,0,1,0,1,1,0,1,0,0,1,0,0
25,108000,205020,36,1,846,1,1,0,0,1,1,0,1,0,0,1,0,1
44,120000,351130,36,1,758,1,0,1,0,1,1,0,0,1,0,1,0,1
23,66000,77364,3,0,380,0,0,1,0,1,1,0,0,1,1,0,0,0
27,58000,674210,36,1,821,1,0,1,0,1,1,0,1,0,1,0,0,1
32,168000,393988,36,1,812,1,0,0,0,1,1,0,0,1,1,0,0,1
50,188000,1159248,18,1,756,1,0,1,0,1,1,0,1,0,1,0,0,1
46,48000,612852,36,1,764,1,0,1,1,0,0,1,1,0,1,0,0,1
30,164000,144000,36,1,526,0,0,1,1,0,1,0,1,0,0,1,0,0
35,160000,72312,36,1,537,0,0,1,0,1,0,1,1,0,0,0,1,0
42,76000,282060,36,1,830,1,0,1,1,0,1,0,1,0,0,1,0,1
58,120000,1046520,36,1,759,1,0,1,1,0,1,0,1,0,1,0,0,1
40,170000,34047,36,1,531,0,0,1,0,1,1,0,1,0,0,1,0,0
55,187000,926082,36,1,815,1,0,1,1,0,1,0,1,0,1,0,0,1
27,120000,905185,18,1,812,1,1,0,1,0,0,1,1,0,0,0,1,1
35,113000,479048,36,1,805,1,1,0,0,1,1,0,1,0,0,1,0,1
33,83000,132000,36,1,575,0,0,1,1,0,1,0,0,1,0,0,1,0
37,90000,1027744,36,1,833,1,0,1,0,1,0,1,1,0,0,1,0,1
54,166000,127236,36,0,843,1,0,1,1,0,1,0,1,0,0,1,0,1
36,30805,42132,18,1,477,0,0,1,0,1,0,1,1,0,0,0,1,0
26,135000,1200843,36,1,801,1,0,1,0,1,0,1,1,0,0,0,1,1
48,124000,128568,36,1,803,1,0,1,0,1,0,1,1,0,0,1,0,1
38,120000,472164,36,1,797,1,1,0,1,0,0,1,1,0,0,1,0,1
33,80000,219024,36,1,828,1,1,0,1,0,1,0,1,0,0,0,1,1
24,55000,984491,36,1,830,1,0,1,1,0,0,1,1,0,1,0,0,1
33,59000,959052,36,1,788,1,0,1,1,0,1,0,1,0,0,0,1,1
30,127000,32496,36,1,475,0,0,1,1,0,1,0,1,0,0,1,0,0
28,214000,120000,36,1,500,0,1,0,1,0,1,0,1,0,0,1,0,0
29,128000,51638,36,0,511,0,0,1,0,1,1,0,1,0,0,1,0,0
29,240000,205500,36,1,820,1,0,1,0,1,1,0,0,1,0,0,1,1
55,130000,1132644,36,1,757,1,0,1,0,1,0,1,0,1,1,0,0,1
54,137000,845769,36,1,792,1,0,1,0,1,1,0,1,0,0,0,1,1
33,100000,575591,36,1,761,1,0,1,0,1,0,1,1,0,0,1,0,1
40,135000,82500,36,1,518,0,0,1,0,1,1,0,1,0,1,0,0,0
56,131000,1100879,36,1,799,1,0,1,0,1,1,0,1,0,0,1,0,1
38,72000,84120,36,0,566,0,0,1,0,1,1,0,0,0,0,1,0,0
23,127000,243559,36,1,838,1,1,0,0,1,1,0,1,0,0,1,0,1
39,60000,57936,36,0,544,0,0,1,0,1,1,0,1,0,0,0,1,0
46,116000,306985,36,1,774,1,0,1,0,1,1,0,1,0,0,1,0,1
37,144000,304831,36,1,761,1,0,1,1,0,1,0,1,0,0,1,0,1
32,175000,125894,18,1,786,1,0,1,0,1,1,0,1,0,0,1,0,1
59,128000,334020,36,1,751,1,0,1,0,1,1,0,1,0,0,1,0,1
31,170000,58176,36,1,518,0,0,1,0,1,1,0,1,0,1,0,0,0
34,138000,106020,36,1,525,0,0,1,0,1,0,1,0,1,0,0,1,0
39,210000,854391,36,1,759,1,0,1,0,1,1,0,1,0,0,1,0,1
57,158000,206196,48,1,785,1,0,1,0,0,1,0,1,0,0,1,0,1
30,200000,547212,36,1,847,1,0,1,1,0,1,0,0,1,1,0,0,1
25,104000,743378,36,1,812,1,0,1,0,1,1,0,1,0,0,1,0,1
24,42000,597852,18,1,831,1,0,1,0,1,1,0,0,0,1,0,0,1
23,120000,222438,18,1,762,1,0,1,1,0,0,1,1,0,1,0,0,1
52,280000,1136736,36,1,807,1,1,0,1,0,1,0,1,0,0,1,0,1
48,140000,668967,36,1,842,1,0,1,0,1,1,0,1,0,0,1,0,1
40,170000,1097016,36,1,754,1,0,1,0,1,1,0,1,0,1,0,0,1
39,255000,64896,36,0,547,0,0,1,0,1,1,0,0,1,0,0,1,0
27,122000,637080,36,1,811,1,1,0,1,0,1,0,0,1,0,0,1,1
57,112000,986688,36,1,819,1,1,0,1,0,1,0,1,0,1,0,0,1
42,96000,1165836,36,1,752,1,0,1,0,1,1,0,1,0,0,1,0,1
41,120000,201464,36,1,778,1,0,1,0,1,1,0,1,0,1,0,0,1
36,140000,62091,18,1,503,0,0,1,0,1,0,1,1,0,0,0,1,0
35,155000,465121,6,1,769,1,0,1,1,0,1,0,1,0,0,0,1,1
25,108000,444628,36,1,822,1,0,1,0,1,1,0,0,1,1,0,0,1
30,123000,372385,36,1,799,1,0,1,0,1,0,1,1,0,0,1,0,1
28,120000,108877,18,1,566,0,0,1,1,0,1,0,0,1,0,0,1,0
47,112000,1066788,36,1,817,1,0,1,0,1,1,0,1,0,0,0,1,1
52,137000,729552,18,1,799,1,0,1,0,1,0,1,1,0,0,0,1,1
58,123000,1180315,48,1,801,1,0,1,0,1,1,0,1,0,0,1,0,1
38,90000,787148,36,1,772,1,0,1,0,1,1,0,1,0,0,0,1,1
28,201000,47138,36,0,512,0,0,1,0,1,0,1,1,0,0,1,0,0
39,138000,30060,36,1,480,0,1,0,1,0,1,0,1,0,0,0,1,0
41,104000,946459,36,1,800,1,0,1,1,0,0,1,0,1,1,0,0,1
48,279000,175125,18,1,809,1,0,1,0,1,0,1,1,0,0,1,0,1
27,192000,195000,36,0,493,0,0,1,1,0,1,0,0,1,0,0,1,0
36,255000,212460,36,1,792,1,1,0,1,0,1,0,1,0,1,0,0,1
35,115000,77280,36,0,442,0,0,1,1,0,0,1,1,0,1,0,0,0
29,94000,50424,36,1,534,0,0,1,0,1,1,0,1,0,0,0,1,0
39,304000,178296,36,1,475,0,0,1,0,1,1,0,1,0,1,0,0,0
34,128000,52596,36,0,468,0,0,1,0,1,0,1,1,0,0,1,0,0
23,330000,784850,36,1,788,1,0,1,0,1,1,0,1,0,0,0,1,1
41,134000,773413,36,1,801,1,0,1,1,0,1,0,1,0,0,1,0,1
33,155000,30672,36,1,515,0,1,0,1,0,1,0,1,0,0,1,0,0
26,120000,492612,36,1,803,1,1,0,1,0,1,0,1,0,1,0,0,1
30,128000,150984,36,1,795,1,0,1,1,0,1,0,0,1,0,1,0,1
29,151000,1180419,36,1,780,1,0,1,1,0,1,0,1,0,1,0,0,1
35,150000,966331,36,1,762,1,0,1,0,1,1,0,1,0,0,1,0,1
30,160000,357167,36,0,834,1,0,1,0,1,1,0,1,0,0,0,1,1
25,135000,80616,36,1,536,0,1,0,1,0,1,0,0,1,1,0,0,0
52,90000,1039788,36,1,790,1,1,0,1,0,1,0,1,0,0,0,1,1
25,30000,281700,36,1,770,1,1,0,1,0,1,0,1,0,0,0,1,1
32,136000,165552,36,1,787,1,0,1,0,1,1,0,1,0,0,0,1,1
22,126000,765093,36,1,775,1,0,1,1,0,1,0,1,0,1,0,0,1
31,150000,626451,36,1,841,1,0,1,0,1,1,0,1,0,0,1,0,1
47,90000,621396,36,1,832,1,0,1,0,1,1,0,1,0,0,1,0,1
26,115000,411570,36,1,770,1,0,1,0,1,1,0,1,0,0,1,0,1
49,207000,304474,36,1,802,1,0,1,0,1,1,0,1,0,0,1,0,1
58,80000,1052848,36,1,789,1,0,1,0,1,1,0,1,0,0,0,1,1
37,436000,193104,36,1,757,1,0,1,0,1,1,0,1,0,0,1,0,1
41,124000,748584,36,1,840,1,1,0,0,1,0,1,1,0,1,0,0,1
23,158000,86918,36,0,529,0,0,1,1,0,0,1,0,1,0,0,1,0
24,112000,365708,36,1,780,1,0,1,0,1,1,0,1,0,0,1,0,1
33,78000,330133.8,18,1,802,1,0,1,0,1,1,0,1,0,0,0,1,1
39,54000,1160590,36,1,769,1,1,0,1,0,1,0,1,0,0,0,1,1
22,31003,248004,36,1,486,0,0,1,0,1,1,0,1,0,1,0,0,0
23,89000,790397,36,1,764,1,0,1,1,0,1,0,1,0,1,0,0,1
25,99000,83725,3,1,525,0,1,0,1,0,1,0,0,1,0,1,0,0
31,120000,835712,36,1,797,1,0,1,0,1,1,0,1,0,1,0,0,1
24,115000,758004,36,1,763,1,1,0,1,0,1,0,1,0,0,1,0,1
36,187000,851412,36,1,827,1,0,1,1,0,1,0,1,0,1,0,0,1
33,139000,697060,36,1,829,1,0,1,0,1,1,0,1,0,1,0,0,1
30,127000,89592,36,0,495,0,0,1,0,1,1,0,1,0,0,1,0,0
43,134000,924828,36,1,834,1,0,1,0,1,1,0,1,0,0,0,1,1
32,143000,79920,48,0,483,0,1,0,1,0,1,0,1,0,0,0,1,0
39,172000,549274,36,1,805,1,0,1,0,1,1,0,1,0,0,1,0,1
25,110000,390002,36,1,850,1,0,1,0,1,1,0,0,0,0,0,1,1
34,200000,1033812,36,1,770,1,0,1,0,1,1,0,1,0,0,1,0,1
36,135000,864816,36,1,821,1,1,0,0,1,1,0,1,0,0,0,1,1
28,151000,75609,48,1,530,0,1,0,1,0,1,0,1,0,1,0,0,0
28,113000,100797,36,1,523,0,0,1,0,1,1,0,1,0,0,0,1,0
32,93000,63930,36,0,620,0,0,1,0,1,0,1,1,0,0,0,1,0
29,105000,565618,36,1,841,1,0,1,0,1,0,1,1,0,0,1,0,1
57,132000,583680,36,1,842,1,1,0,1,0,1,0,1,0,1,0,0,1
52,96000,926799,36,1,789,1,0,1,0,1,1,0,1,0,0,0,1,1
49,140000,245776,36,1,753,1,0,1,1,0,1,0,1,0,1,0,0,1
30,31973,108564,36,1,464,0,0,1,1,0,0,1,1,0,0,0,1,0
37,135000,376474,36,1,808,1,1,0,1,0,1,0,1,0,1,0,0,1
37,104000,72879,36,0,336,0,1,0,1,0,1,0,1,0,0,0,1,0
33,480000,242796,36,1,505,0,0,1,1,0,1,0,1,0,1,0,0,0
42,185000,408828,36,1,792,1,0,1,0,1,0,1,1,0,1,0,0,1
50,84000,356040,36,1,771,1,1,0,1,0,1,0,1,0,0,1,0,1
35,111000,128345,36,1,802,1,0,1,1,0,0,1,1,0,0,1,0,1
53,56000,1117488,36,1,796,1,1,0,1,0,1,0,1,0,1,0,0,1
49,144000,178404,60,1,845,1,0,1,0,1,1,0,0,1,1,0,0,1
25,159000,103051,36,1,548,0,0,0,0,1,1,0,1,0,1,0,0,0
37,111000,1082852,18,1,818,1,0,1,0,1,0,1,1,0,0,0,1,1
33,120000,1127964,36,1,846,1,0,1,0,1,1,0,1,0,0,1,0,1
49,88000,899626,36,1,818,1,0,1,0,1,1,0,1,0,0,0,1,1
36,112000,1145448,36,1,793,1,1,0,1,0,1,0,1,0,0,1,0,1
35,155000,120000,36,1,532,0,0,1,0,1,1,0,0,1,1,0,0,0
59,115000,971443,36,1,761,1,0,1,0,1,1,0,1,0,0,1,0,1
46,124000,926637,36,1,821,1,0,1,0,1,1,0,1,0,0,1,0,1
54,31092,1186938,36,1,823,1,0,1,0,1,0,1,1,0,1,0,0,1
26,132000,838017,36,1,812,1,1,0,1,0,1,0,1,0,1,0,0,1
53,300000,211596,36,1,751,1,0,1,0,1,1,0,1,0,1,0,0,1
30,376000,50223,36,0,608,0,0,1,0,1,1,0,0,1,1,0,0,0
53,130000,1023468,36,0,759,1,0,1,1,0,1,0,1,0,1,0,0,1
26,184000,668400,36,1,831,1,0,1,0,1,1,0,0,1,0,1,0,1
36,110000,92631,36,1,465,0,1,0,0,1,1,0,1,0,0,0,1,0
58,67000,243540,36,1,844,1,1,0,1,0,1,0,1,0,0,0,1,1
34,117000,142601,36,1,827,1,0,1,1,0,1,0,1,0,0,0,1,1
27,98000,548616,36,1,826,1,0,1,1,0,1,0,1,0,0,1,0,1
24,71000,161532,36,1,794,1,0,1,1,0,1,0,1,0,0,0,1,1
24,490000,705552,18,1,793,1,0,1,0,1,1,0,0,0,0,0,1,1
31,182000,277149,18,1,808,1,0,0,0,1,1,0,0,1,0,0,1,1
58,70000,519410,18,1,815,1,0,1,0,1,1,0,0,1,0,1,0,1
47,160000,1164028,36,1,804,1,0,1,0,1,1,0,0,0,1,0,0,1
37,176000,341560,36,1,834,1,0,1,0,1,1,0,0,1,1,0,0,1
28,30312,37536,36,0,420,0,1,0,1,0,0,1,1,0,0,0,1,0
53,71000,469488,36,1,815,1,1,0,1,0,1,0,1,0,0,1,0,1
27,173000,38223,36,1,467,0,0,1,0,1,0,1,1,0,1,0,0,0
33,46000,91944,36,1,564,0,1,0,1,0,1,0,1,0,1,0,0,0
40,158000,600809,36,1,844,1,0,1,0,1,0,1,1,0,0,0,1,1
26,74000,971052,36,1,810,1,0,1,0,1,0,1,1,0,0,1,0,1
27,125000,799442,36,1,769,1,0,1,0,1,1,0,0,0,1,0,0,1
51,160000,891898,36,1,833,1,0,1,0,1,1,0,1,0,0,1,0,1
21,152000,41450,36,0,539,0,0,1,0,1,0,1,1,0,1,0,0,0
34,126000,1042628,36,1,769,1,0,1,0,1,0,1,1,0,0,0,1,1
30,259000,442799,36,1,755,1,0,1,0,1,1,0,1,0,0,1,0,1
29,187000,696034,36,1,831,1,0,1,0,1,1,0,1,0,1,0,0,1
44,228000,937080,36,1,800,1,0,1,0,1,1,0,1,0,0,1,0,1
35,308000,37035,36,1,515,0,0,1,1,0,1,0,1,0,1,0,0,0
41,95000,306655,36,1,808,1,0,1,0,1,1,0,1,0,1,0,0,1
31,105000,118140,36,0,355,0,1,0,0,1,1,0,0,1,1,0,0,0
33,130000,139177,36,1,759,1,1,0,0,1,1,0,1,0,0,1,0,1
33,116000,1036488,18,1,790,1,1,0,1,0,1,0,1,0,0,0,1,1
34,165000,161675,36,1,812,1,0,1,0,1,1,0,1,0,1,0,0,1
30,67000,42816,36,1,519,0,0,1,0,1,1,0,1,0,0,0,1,0
40,100000,93334,48,0,492,0,0,1,0,1,0,1,1,0,0,0,1,0
38,200000,447803,36,1,789,1,0,1,0,1,1,0,1,0,0,1,0,1
29,81000,31392,36,1,521,0,1,0,1,0,1,0,1,0,0,1,0,0
24,236000,565567,36,1,770,1,0,1,0,1,1,0,1,0,0,1,0,1
55,130000,396677,36,1,823,1,0,1,0,1,1,0,1,0,0,0,1,1
26,95000,234525,3,1,771,1,0,1,0,1,1,0,1,0,0,0,1,1
22,141000,236616,36,1,816,1,0,1,1,0,1,0,0,1,1,0,0,1
22,133000,35292,36,1,459,0,0,1,1,0,0,1,1,0,1,0,0,0
34,96000,77580,48,1,513,0,0,1,1,0,1,0,1,0,0,1,0,0
26,124000,79116,18,0,614,0,0,1,1,0,1,0,1,0,1,0,0,0
42,175000,196668,36,1,768,1,0,1,0,1,1,0,1,0,0,1,0,1
37,570000,242026,36,1,536,0,0,1,0,1,1,0,1,0,1,0,0,0
38,55000,589656,36,1,794,1,1,0,1,0,1,0,0,1,0,1,0,1
46,155000,720732,36,1,841,1,0,1,0,1,1,0,1,0,0,1,0,1
49,380000,316657,3,1,764,1,0,1,0,1,1,0,0,1,1,0,0,1
29,111000,78883,18,0,375,0,0,1,1,0,1,0,1,0,0,0,1,0
29,110000,1189723,36,1,764,1,1,0,1,0,1,0,0,0,0,0,1,1
25,120000,571835,18,1,775,1,0,1,0,1,1,0,1,0,0,0,1,1
41,130000,509548,36,1,802,1,0,1,0,1,1,0,1,0,1,0,0,1
57,130000,181464,36,1,832,1,0,1,0,1,1,0,1,0,0,1,0,1
27,71000,113772,48,1,475,0,0,1,1,0,1,0,1,0,0,0,1,0
46,130000,297756,36,1,811,1,0,1,0,1,1,0,1,0,0,0,1,1
57,128000,941920,36,1,798,1,0,1,0,1,1,0,0,0,0,1,0,1
33,296000,662588,36,1,838,1,0,1,1,0,1,0,1,0,0,1,0,1
38,156000,497016,36,1,775,1,1,0,1,0,1,0,1,0,0,0,1,1
45,128000,915408,36,1,784,1,0,1,1,0,1,0,0,1,0,0,1,1
38,100000,93600,36,1,530,0,0,1,0,1,1,0,1,0,0,0,1,0
31,113000,493968,18,1,752,1,0,1,1,0,1,0,0,0,0,0,1,1
31,132000,613528,36,1,797,1,0,1,1,0,0,1,1,0,0,1,0,1
24,30667,107404,36,0,434,0,0,1,0,1,0,1,1,0,0,0,1,0
57,136000,717929,36,1,776,1,0,1,0,1,1,0,1,0,0,0,1,1
48,125000,1163040,36,1,774,1,0,1,0,1,1,0,1,0,1,0,0,1
31,185000,492528,36,1,786,1,0,1,1,0,1,0,1,0,1,0,0,1
36,275000,713184,36,1,820,1,0,1,0,1,1,0,1,0,1,0,0,1
22,120000,1012071,36,1,786,1,0,1,0,1,1,0,1,0,0,0,1,1
47,113000,529889,18,1,815,1,0,1,0,1,0,1,1,0,0,1,0,1
22,113000,855428,36,1,796,1,0,1,0,1,1,0,1,0,0,0,1,1
39,135000,516316,36,1,751,1,0,1,0,1,1,0,1,0,0,1,0,1
25,71000,111888,36,0,455,0,1,0,1,0,1,0,1,0,0,0,1,0
38,95000,1070515,36,1,813,1,0,1,0,1,1,0,1,0,0,0,1,1
51,109000,315022,36,1,820,1,0,1,1,0,0,1,1,0,1,0,0,1
21,103000,37680,36,0,324,0,1,0,1,0,1,0,1,0,0,1,0,0
35,45000,52524,18,0,360,0,0,1,0,1,0,1,1,0,0,0,1,0
27,65000,32472,3,1,528,0,0,1,1,0,0,1,1,0,1,0,0,0
51,103000,667880,36,1,785,1,0,1,1,0,1,0,1,0,0,1,0,1
27,53000,467808,36,1,755,1,1,0,1,0,0,1,1,0,0,1,0,1
28,194000,57720,36,1,575,0,1,0,1,0,1,0,0,1,1,0,0,0
41,115000,988800,36,1,763,1,1,0,1,0,1,0,1,0,0,1,0,1
48,115000,217776,36,1,807,1,0,1,0,1,0,1,1,0,0,0,1,1
48,66000,304668,36,1,798,1,1,0,1,0,0,1,1,0,1,0,0,1
40,152000,70068,3,0,647,0,0,1,0,1,1,0,1,0,0,1,0,0
29,360000,972000,36,0,369,0,0,1,0,1,1,0,1,0,1,0,0,0
22,62000,91320,36,1,574,0,1,0,1,0,0,1,0,1,0,1,0,0
40,160000,936408,36,1,807,1,0,1,0,1,1,0,0,0,0,0,1,1
27,218000,93300,36,0,489,0,0,1,0,1,0,1,1,0,1,0,0,0
25,110000,907505,36,1,845,1,0,1,0,1,0,1,1,0,1,0,0,1
33,178000,60417,36,0,566,0,1,0,0,1,0,1,1,0,0,1,0,0
41,60000,732504,36,1,801,1,1,0,1,0,1,0,1,0,0,0,1,1
34,160000,110688,36,1,524,0,1,0,1,0,1,0,1,0,0,0,1,0
30,239000,69980,36,1,531,0,0,1,0,1,1,0,0,1,0,0,1,0
23,112000,650197,36,1,759,1,0,1,0,1,1,0,1,0,1,0,0,1
34,138000,551317,36,1,772,1,0,1,0,1,1,0,1,0,0,1,0,1
33,138000,429444,36,1,800,1,0,1,0,1,1,0,1,0,1,0,0,1
31,80000,38928,18,0,522,0,1,0,1,0,0,1,1,0,0,0,1,0
56,100000,340251,36,1,823,1,0,1,0,1,1,0,1,0,0,0,1,1
27,110000,84035,18,0,445,0,0,1,0,1,1,0,1,0,0,0,1,0
22,96000,425316,36,1,847,1,0,1,0,1,1,0,1,0,0,1,0,1
54,121000,332968,36,1,799,1,0,1,0,1,1,0,1,0,1,0,0,1
26,81000,45876,36,1,471,0,1,0,1,0,0,1,1,0,1,0,0,0
50,133000,810456,36,1,770,1,0,1,0,1,1,0,1,0,0,1,0,1
37,87000,1192480.12,36,1,806,1,0,1,0,1,1,0,1,0,1,0,0,1
47,60000,1086072,18,1,806,1,0,1,1,0,0,1,1,0,0,0,1,1
22,150000,687000,36,1,812,1,1,0,1,0,1,0,0,1,0,1,0,1
39,105000,91428,36,0,581,0,0,1,1,0,1,0,1,0,1,0,0,0
54,405000,817116,36,1,806,1,0,1,1,0,1,0,0,0,0,1,0,1
47,143000,305088,36,1,778,1,0,1,0,1,1,0,1,0,0,1,0,1
36,100000,472140,36,1,844,1,0,1,1,0,1,0,1,0,0,0,1,1
33,31493,697692,24,1,797,1,1,0,0,0,1,0,1,0,0,1,0,1
21,50000,1120251,36,1,784,1,0,1,1,0,1,0,1,0,0,1,0,1
54,30773,785469,36,1,795,1,0,1,0,1,1,0,1,0,0,0,1,1
25,187000,124992,36,0,522,0,0,1,1,0,1,0,0,1,0,0,1,0
39,138000,680076,36,1,787,1,1,0,0,1,0,1,0,1,1,0,0,1
48,187000,1006968,36,1,800,1,0,1,1,0,1,0,1,0,0,1,0,1
42,180000,504249,36,1,832,1,0,1,0,1,1,0,1,0,1,0,0,1
22,148000,1118461,36,1,766,1,0,1,1,0,0,1,1,0,0,1,0,1
56,152000,1014168,36,1,825,1,0,1,1,0,1,0,1,0,0,1,0,1
42,175000,414677,3,1,760,1,0,1,0,1,1,0,1,0,1,0,0,1
44,130000,877282,36,1,771,1,0,1,0,1,1,0,0,1,1,0,0,1
46,110000,788004,36,1,799,1,0,1,0,1,0,1,1,0,1,0,0,1
31,55000,37640,36,1,557,0,0,1,0,1,1,0,0,1,1,0,0,0
31,150000,61626,36,0,467,0,0,1,0,1,1,0,1,0,1,0,0,0
28,190000,110490,36,0,536,0,0,1,1,0,0,1,0,1,0,1,0,0
37,125000,100675,36,0,521,0,0,1,0,1,0,1,1,0,1,0,0,0
53,60000,791080,3,1,807,1,0,1,0,1,0,1,1,0,0,0,1,1
24,149000,82169,36,0,478,0,0,1,0,1,1,0,1,0,1,0,0,0
42,90000,348042,18,0,759,1,0,1,0,1,1,0,1,0,1,0,0,1
52,84000,172632,36,1,847,1,0,1,1,0,1,0,0,1,0,1,0,1
49,96000,864600,36,1,785,1,0,1,0,1,1,0,1,0,0,1,0,1
47,118000,872436,36,1,757,1,0,1,0,1,1,0,1,0,0,0,1,1
34,173000,35809,36,1,457,0,0,1,0,1,1,0,1,0,0,0,1,0
21,136000,742344,36,1,766,1,0,1,1,0,1,0,1,0,1,0,0,1
30,160000,38100,36,1,570,0,0,1,0,1,1,0,1,0,0,1,0,0
29,160000,517143,36,1,760,1,0,0,0,1,1,0,0,1,0,1,0,1
38,128000,1068264,18,1,760,1,0,1,0,1,1,0,1,0,0,0,1,1
45,153000,353728,36,1,753,1,0,1,0,1,1,0,1,0,1,0,0,1
42,132000,841572,36,1,846,1,1,0,1,0,0,1,0,0,0,1,0,1
36,98000,75012,36,0,537,0,0,1,1,0,1,0,1,0,0,1,0,0
27,140000,1191540,36,1,807,1,0,1,1,0,1,0,1,0,1,0,0,1
35,70000,74132,18,0,575,0,0,1,0,1,0,1,1,0,0,0,1,0
43,110000,942072,36,1,792,1,0,0,0,1,1,0,1,0,0,1,0,1
35,98000,532225,36,1,842,1,1,0,0,1,0,1,0,0,0,1,0,1
28,110000,84063,36,1,550,0,0,1,0,1,1,0,1,0,0,0,1,0
46,162000,287355,36,1,767,1,0,1,0,1,1,0,0,1,0,1,0,1
32,113000,66240,18,0,318,0,0,1,0,1,0,1,1,0,1,0,0,0
57,100000,891804,36,1,757,1,0,1,0,1,1,0,1,0,0,1,0,1
41,93000,162960,36,1,756,1,1,0,1,0,1,0,0,1,0,0,1,1
50,162000,964084,36,1,836,1,0,1,1,0,1,0,1,0,1,0,0,1
40,150000,527490,36,1,843,1,0,1,0,1,1,0,0,1,1,0,0,1
50,230000,280726,3,1,782,1,0,1,0,1,1,0,1,0,0,1,0,1
38,132000,41784,36,0,631,0,0,0,0,1,1,0,1,0,0,1,0,0
57,86000,145458,36,1,754,1,0,1,0,1,1,0,0,1,0,1,0,1
25,31284,66247,36,1,454,0,0,1,0,1,1,0,1,0,0,0,1,0
53,154000,960912,36,1,804,1,1,0,1,0,0,1,1,0,1,0,0,1
34,113000,386748,36,1,828,1,0,1,0,1,0,1,1,0,1,0,0,1
33,128000,793602,36,1,775,1,0,1,0,1,1,0,1,0,0,1,0,1
29,234000,153228,36,1,753,1,0,1,0,1,1,0,1,0,0,1,0,1
37,246000,771324,36,1,759,1,0,1,0,1,1,0,1,0,0,1,0,1
56,131000,477504,36,1,787,1,0,1,0,1,0,1,1,0,1,0,0,1
23,80000,98316,36,0,369,0,0,1,1,0,1,0,1,0,1,0,0,0
29,500000,219996,36,1,532,0,0,1,0,1,1,0,1,0,0,0,1,0
50,160000,230791,36,1,848,1,0,1,0,1,1,0,0,1,0,1,0,1
38,75000,103428,36,1,567,0,0,1,1,0,1,0,1,0,0,0,1,0
36,96000,742237,36,1,759,1,0,1,1,0,0,1,1,0,0,1,0,1
42,186000,1069839,36,1,825,1,0,1,0,1,0,1,1,0,0,0,1,1
38,110000,852396,36,1,785,1,0,1,1,0,0,1,1,0,1,0,0,1
38,225000,1020876,36,1,800,1,1,0,1,0,0,1,0,1,0,1,0,1
34,119000,116013,36,0,526,0,0,1,0,1,1,0,1,0,1,0,0,0
59,105000,1130485,60,1,810,1,1,0,0,1,1,0,1,0,0,1,0,1
59,107000,871520,36,1,784,1,0,1,0,1,0,1,1,0,1,0,0,1
36,111000,551989,12,1,797,1,0,1,0,1,1,0,1,0,0,0,1,1
24,95000,291900,36,1,771,1,0,1,0,1,1,0,0,1,0,1,0,1
37,209000,54456,36,0,487,0,0,1,1,0,1,0,1,0,1,0,0,0
21,113000,472127,48,1,761,1,1,0,1,0,1,0,1,0,1,0,0,1
27,100000,230100,36,1,773,1,1,0,1,0,1,0,1,0,0,1,0,1
54,208000,989072,36,1,788,1,0,1,0,1,1,0,1,0,0,1,0,1
36,138000,67978,36,0,497,0,0,1,0,1,0,1,1,0,1,0,0,0
39,124000,259867,3,1,811,1,0,1,0,1,0,1,1,0,0,1,0,1
28,243000,325464,36,1,838,1,0,1,0,1,1,0,1,0,1,0,0,1
43,480000,1168963,36,1,835,1,0,1,0,1,1,0,1,0,0,0,1,1
38,96000,114156,36,1,491,0,0,0,1,0,1,0,1,0,0,0,1,0
25,188000,953689,36,1,831,1,0,1,0,1,1,0,0,1,0,0,1,1
23,40000,1127544,36,1,791,1,1,0,1,0,1,0,1,0,0,0,1,1
37,100000,80739,36,1,527,0,0,1,1,0,0,1,1,0,1,0,0,0
32,250000,1137960,36,1,815,1,0,1,0,1,1,0,1,0,0,1,0,1
41,148000,983203,36,1,792,1,0,1,0,1,1,0,1,0,0,0,1,1
23,70000,125742,18,1,527,0,0,1,0,1,1,0,1,0,0,1,0,0
36,311000,56526,36,1,553,0,0,1,1,0,1,0,1,0,1,0,0,0
45,150000,936044,36,1,826,1,0,1,0,1,1,0,1,0,1,0,0,1
34,113000,315504,48,1,783,1,1,0,0,1,1,0,1,0,0,1,0,1
30,123000,83352,36,0,355,0,0,1,0,1,0,1,1,0,0,1,0,0
26,185000,100231,36,1,453,0,0,1,1,0,1,0,1,0,0,1,0,0
25,95000,70356,36,1,563,0,1,0,1,0,0,1,1,0,1,0,0,0
54,45000,632102,36,1,779,1,0,1,0,1,0,1,1,0,0,1,0,1
46,55000,494724,36,1,840,1,0,1,1,0,1,0,1,0,0,1,0,1
36,100000,286736,36,1,784,1,0,1,0,1,1,0,0,1,1,0,0,1
30,480000,733526,36,1,817,1,0,1,0,1,1,0,0,1,1,0,0,1
25,30765,56171,36,1,564,0,0,1,1,0,1,0,1,0,0,1,0,0
22,400000,883944,36,1,777,1,0,1,0,1,1,0,0,1,1,0,0,1
39,110000,297744,36,1,793,1,0,1,0,1,1,0,1,0,0,1,0,1
34,161000,353342,36,0,801,1,0,1,0,1,0,1,1,0,0,1,0,1
40,94000,281142,36,1,844,1,0,1,1,0,0,1,1,0,0,1,0,1
44,130000,937116,36,1,789,1,0,1,1,0,0,1,1,0,0,1,0,1
49,216000,733456,36,1,807,1,0,1,0,1,1,0,1,0,1,0,0,1
42,100000,540540,36,1,847,1,0,1,0,1,1,0,1,0,0,0,1,1
33,110000,110292,36,0,504,0,0,1,1,0,1,0,1,0,1,0,0,0
30,196000,135000,36,0,549,0,0,1,1,0,1,0,1,0,0,1,0,0
39,125000,552624,36,1,750,1,1,0,1,0,0,1,0,1,0,0,1,1
58,126000,323498,36,1,760,1,0,1,1,0,0,1,0,0,1,0,0,1
54,324000,166146,36,1,751,1,0,1,0,1,1,0,1,0,0,0,1,1
32,107000,1041420,36,1,811,1,0,1,1,0,1,0,1,0,0,1,0,1
40,66000,105776,36,1,481,0,0,1,0,1,0,1,1,0,1,0,0,0
46,157000,1167300,18,1,799,1,0,1,0,1,1,0,1,0,1,0,0,1
27,140000,306373,18,1,819,1,1,0,0,1,1,0,1,0,0,1,0,1
36,99000,40416,36,0,346,0,1,0,1,0,1,0,1,0,0,1,0,0
30,95000,1128192,36,1,797,1,1,0,1,0,1,0,0,0,0,1,0,1
49,128000,225328,36,1,775,1,0,1,0,1,0,1,1,0,0,0,1,1
35,102000,184587,36,1,811,1,1,0,0,1,0,1,1,0,0,1,0,1
58,155000,1180254,36,1,808,1,0,1,0,1,1,0,1,0,1,0,0,1
21,80000,114816,36,1,511,0,0,1,1,0,0,1,1,0,0,1,0,0
47,145000,852547,36,1,775,1,0,1,1,0,1,0,1,0,1,0,0,1
39,103000,117360,36,0,345,0,1,0,1,0,1,0,1,0,0,1,0,0
48,110000,1012152,36,1,775,1,0,1,0,1,1,0,1,0,1,0,0,1
21,30581,30720,36,0,464,0,0,1,0,1,1,0,0,1,1,0,0,0
41,30660,821831,36,1,763,1,0,1,0,1,0,1,1,0,1,0,0,1
42,158000,228910,36,1,820,1,0,1,0,1,1,0,1,0,0,0,1,1
38,181000,47609,36,0,503,0,0,1,0,1,0,1,1,0,0,0,1,0
36,132000,76566,18,0,463,0,0,1,0,1,1,0,1,0,1,0,0,0
47,26000,229440,36,1,816,1,0,1,0,1,1,0,1,0,0,1,0,1
51,84000,676733,36,1,752,1,1,0,1,0,1,0,1,0,0,0,1,1
55,260000,210012,36,1,791,1,0,1,0,1,1,0,0,1,0,1,0,1
43,162000,626729,36,1,797,1,0,1,0,1,1,0,1,0,0,1,0,1
55,182000,614066,36,1,828,1,1,0,0,1,1,0,1,0,0,1,0,1
25,108000,469166,36,1,766,1,0,1,0,1,0,1,1,0,0,1,0,1
28,600000,417972,36,1,850,1,1,0,0,1,1,0,0,1,0,1,0,1
39,211000,369014,36,1,793,1,0,1,0,1,1,0,1,0,1,0,0,1
33,132000,875016,36,1,790,1,0,1,1,0,0,1,0,1,0,1,0,1
38,258000,96432,36,0,493,0,0,1,0,1,1,0,1,0,0,0,1,0
34,120000,430476,36,1,841,1,0,1,0,1,0,1,1,0,1,0,0,1
56,70000,713004,36,1,821,1,0,1,1,0,1,0,1,0,0,0,1,1
24,123000,120496,36,0,314,0,0,1,0,1,1,0,1,0,1,0,0,0
25,9000,80244,36,1,567,0,1,0,1,0,1,0,1,0,0,0,1,0
40,104000,69120,36,0,583,0,0,1,0,1,1,0,1,0,0,0,1,0
41,186000,728290,36,1,822,1,0,1,0,1,1,0,1,0,0,0,1,1
27,165000,61175,36,0,405,0,0,1,0,1,1,0,1,0,0,0,1,0
24,275000,516768,36,1,824,1,0,1,0,1,1,0,1,0,0,0,1,1
21,187000,109001,48,1,472,0,0,1,0,1,0,1,1,0,0,1,0,0
30,150000,41796,36,1,494,0,0,1,0,1,1,0,1,0,0,1,0,0
52,108000,271841,60,1,789,1,0,1,0,1,1,0,1,0,0,0,1,1
22,136000,59774,36,0,594,0,0,0,0,1,1,0,1,0,0,1,0,0
27,110000,1097607,36,1,809,1,0,1,1,0,1,0,1,0,0,0,1,1
34,107000,841884,36,1,770,1,0,1,0,1,1,0,1,0,1,0,0,1
49,161000,436429,36,1,808,1,0,1,1,0,1,0,0,0,0,0,1,1
21,205000,355476,36,1,838,1,0,1,0,1,1,0,1,0,0,1,0,1
29,90000,144981,36,1,498,0,0,1,1,0,1,0,1,0,0,0,1,0
57,36000,276756,36,1,836,1,1,0,0,1,1,0,1,0,0,1,0,1
40,61000,88848,36,0,476,0,0,1,0,1,1,0,1,0,1,0,0,0
35,146000,70257,36,0,451,0,0,1,0,1,1,0,1,0,1,0,0,0
24,172000,51864,60,1,561,0,0,1,0,1,1,0,1,0,1,0,0,0
52,104000,205354,36,1,775,1,0,1,0,1,1,0,1,0,0,0,1,1
57,70000,513516,36,1,839,1,1,0,1,0,0,1,1,0,0,1,0,1
59,94000,620736,36,1,767,1,0,0,1,0,1,0,1,0,0,1,0,1
26,106000,86748,36,0,348,0,0,1,0,1,1,0,0,1,0,1,0,0
34,56000,992084,18,1,750,1,0,1,0,1,1,0,1,0,0,1,0,1
37,205000,45012,24,1,532,0,0,1,0,1,1,0,0,1,0,1,0,0
55,292000,237948,36,1,762,1,0,0,1,0,1,0,0,1,0,1,0,1
23,142000,913224,18,1,769,1,0,1,0,1,1,0,1,0,1,0,0,1
40,260000,626916,36,1,769,1,0,1,0,1,1,0,0,1,0,0,1,1
41,110000,888840,36,1,783,1,0,1,1,0,0,1,1,0,1,0,0,1
22,187000,68092,36,1,567,0,0,1,0,1,0,1,0,1,1,0,0,0
31,88000,112260,36,0,477,0,0,1,1,0,1,0,1,0,0,1,0,0
26,180000,1115592,36,1,808,1,0,1,0,1,1,0,0,1,1,0,0,1
28,192000,866712,36,1,751,1,0,1,0,1,1,0,1,0,0,0,1,1
27,350000,94167,18,0,555,0,1,0,1,0,1,0,0,1,0,0,1,0
26,155000,602972,36,1,783,1,0,1,0,1,0,1,0,0,1,0,0,1
41,128000,1093248,36,1,792,1,0,1,0,1,1,0,1,0,0,0,1,1
34,172000,457433,36,1,789,1,0,1,1,0,1,0,1,0,1,0,0,1
47,496000,825240,36,1,813,1,1,0,0,1,1,0,1,0,0,1,0,1
29,31610,76748,18,1,520,0,0,1,0,1,0,1,1,0,0,0,1,0
58,173000,716092,36,1,789,1,0,1,0,1,1,0,1,0,0,1,0,1
34,157000,1083907,36,1,817,1,0,1,0,1,0,1,1,0,1,0,0,1
38,108000,226158,36,1,827,1,0,1,0,1,1,0,1,0,1,0,0,1
31,71000,933012,36,1,779,1,1,0,1,0,1,0,1,0,1,0,0,1
34,40000,506088,18,1,806,1,0,1,0,1,1,0,1,0,1,0,0,1
51,253000,433440,36,1,829,1,0,1,0,1,1,0,1,0,0,0,1,1
47,187000,120408,36,1,750,1,0,1,0,1,1,0,1,0,0,0,1,1
38,133000,80148,36,0,359,0,1,0,1,0,1,0,0,1,0,1,0,0
36.90553746,110000,68640,36,1,637,1,0,1,0,1,1,0,1,0,0,0,1,1
36.90553746,126000,38412,36,1,696,1,0,1,0,1,1,0,1,0,0,0,1,1
36.90553746,208000,61800,36,1,718,1,0,1,0,1,1,0,1,0,0,0,1,1
36.90553746,100000,30626,36,1,694,1,0,1,0,1,1,0,1,0,0,0,1,1
36.90553746,78000,39312,36,1,638,1,0,1,1,0,0,1,1,0,0,0,1,1
36.90553746,152000,29402,36,1,613,0,0,1,0,1,0,1,0,1,0,0,1,0
36.90553746,59000,26712,36,1,654,1,1,0,1,0,0,1,1,0,0,1,0,1
36.90553746,147000,46572,36,0,692,1,0,1,0,1,0,1,1,0,1,0,0,1
36.90553746,123000,31200,36,1,640,1,0,1,1,0,0,1,1,0,0,1,0,1
36.90553746,90000,37092,36,1,672,1,0,1,1,0,0,1,1,0,0,0,1,1
36.90553746,40000,49992,18,1,718,1,0,1,1,0,1,0,1,0,0,0,1,1
36.90553746,124000,55992,36,1,696,1,1,0,1,0,1,0,1,0,0,1,0,1
36.90553746,131000,68004,36,1,702,1,0,1,1,0,1,0,1,0,0,0,1,1
36.90553746,200000,57912,36,1,662,1,0,1,0,1,1,0,1,0,0,0,1,1
36.90553746,126000,45765,36,1,653,1,0,1,0,1,1,0,1,0,0,1,0,1
36.90553746,300000,118628,36,1,672,1,0,1,0,1,1,0,1,0,0,0,1,1
36.90553746,100000,19070,18,1,689,1,0,1,1,0,1,0,1,0,0,1,0,1
36.90553746,48000,24276,36,1,693,1,0,1,0,1,0,1,1,0,0,0,1,1
36.90553746,28000,24996,18,1,685,1,1,0,1,0,0,1,1,0,0,0,1,1
36.90553746,101000,46908,36,1,624,1,0,0,1,0,1,0,1,0,0,0,1,1
36.90553746,125000,45180,36,1,666,1,1,0,1,0,0,1,1,0,0,0,1,1
36.90553746,290000,69180,36,1,714,1,0,1,0,1,1,0,1,0,0,0,1,1
36.90553746,148000,24000,36,0,708,1,0,1,1,0,1,0,1,0,1,0,0,1
36.90553746,140000,53606,36,1,714,1,0,1,0,1,1,0,1,0,0,0,1,1
36.90553746,275000,93750,36,1,652,1,0,1,0,1,1,0,1,0,0,0,1,1
36.90553746,57000,46097,36,1,704,1,0,1,0,1,1,0,1,0,0,1,0,1
36.90553746,125000,37686,18,1,698,1,0,1,1,0,1,0,1,0,0,0,1,1
36.90553746,75000,29736,36,1,716,1,1,0,1,0,0,1,1,0,0,1,0,1
36.90553746,192000,75820,36,1,698,1,0,1,0,1,1,0,1,0,0,0,1,1
36.90553746,152000,40899,36,1,628,1,0,1,1,0,1,0,1,0,0,1,0,1
36.90553746,158000,36104,36,1,661,1,0,1,0,1,1,0,1,0,0,0,1,1
36.90553746,101000,34421,36,1,702,1,0,1,0,1,1,0,1,0,0,0,1,1
36.90553746,176000,37800,36,0,668,1,0,1,1,0,1,0,1,0,0,1,0,1
36.90553746,90000,29996,36,1,620,0,0,1,0,1,1,0,0,1,0,0,1,0
36.90553746,116000,69996,36,1,709,0,0,1,1,0,1,0,0,1,0,0,1,0
36.90553746,138000,45679,36,1,679,1,0,1,1,0,1,0,1,0,0,0,1,1
36.90553746,100000,68366,36,1,627,1,0,1,0,1,1,0,1,0,0,0,1,1
36.90553746,110000,43728,36,1,693,1,1,0,1,0,1,0,1,0,0,0,1,1
36.90553746,90000,23024,36,1,684,1,0,1,0,1,0,1,1,0,0,1,0,1
36.90553746,200000,80600,36,1,651,1,0,1,1,0,1,0,1,0,0,1,0,1
36.90553746,84000,43992,36,1,707,1,1,0,1,0,1,0,1,0,0,0,1,1
36.90553746,185000,55020,18,1,710,1,0,1,0,1,1,0,1,0,0,0,1,1
36.90553746,162000,51431,36,1,650,1,0,1,0,1,0,1,1,0,0,0,1,1
36.90553746,108000,30174,36,1,720,1,0,1,1,0,0,1,1,0,0,1,0,1
36.90553746,187000,84842,18,1,720,1,0,1,1,0,1,0,1,0,0,0,1,1
36.90553746,187000,96250,36,1,698,0,0,1,0,1,0,1,0,1,0,1,0,0
36.90553746,124000,30735,36,1,647,1,0,1,0,1,1,0,1,0,0,0,1,1
36.90553746,120000,42833,36,1,641,1,0,0,0,1,0,1,1,0,0,1,0,1
36.90553746,160000,45077,36,1,653,1,0,1,0,1,1,0,1,0,0,1,0,1
36.90553746,30000,50392,18,1,661,1,0,1,0,1,1,0,1,0,0,0,1,1
36.90553746,92000,63516,36,1,687,0,0,1,0,1,0,1,0,1,0,0,1,0
36.90553746,130000,33000,36,0,691,1,0,1,1,0,1,0,1,0,0,0,1,1
36.90553746,130000,52824,36,1,645,1,1,0,1,0,0,1,1,0,1,0,0,1
36.90553746,134000,46895,18,1,685,1,0,1,0,1,1,0,1,0,0,1,0,1
36.90553746,176000,37012,36,0,661,1,1,0,0,1,1,0,1,0,0,1,0,1
36.90553746,90000,56640,18,1,667,1,0,1,0,1,1,0,1,0,0,1,0,1
36.90553746,110000,30701,36,1,697,1,0,1,0,1,0,1,1,0,0,1,0,1
36.90553746,125000,84484,36,1,642,0,0,1,0,1,1,0,0,1,0,0,1,0
36.90553746,189000,59616,36,1,669,1,1,0,1,0,1,0,1,0,0,1,0,1
36.90553746,108000,26712,36,0,624,1,1,0,1,0,1,0,1,0,1,0,0,1
36.90553746,125000,53880,36,1,629,1,0,1,0,1,0,1,1,0,0,0,1,1
36.90553746,138000,38587,36,1,649,1,0,1,0,1,1,0,1,0,0,1,0,1
36.90553746,135000,56400,36,0,663,1,0,1,0,1,0,1,1,0,0,1,0,1
36.90553746,130000,41340,36,0,632,1,0,1,0,1,1,0,1,0,0,1,0,1
36.90553746,187000,91992,36,1,661,1,0,1,0,1,1,0,1,0,0,1,0,1
36.90553746,188000,34601,36,0,702,1,0,1,0,1,1,0,1,0,1,0,0,1
36.90553746,95000,39000,36,1,682,1,1,0,1,0,1,0,1,0,0,1,0,1
36.90553746,65000,53556,36,1,670,1,0,1,1,0,1,0,1,0,0,1,0,1
36.90553746,232000,48894,36,1,690,0,0,1,0,1,1,0,0,1,1,0,0,0
36.90553746,144000,60583,36,1,630,1,0,1,0,1,0,1,1,0,0,1,0,1
36.90553746,155000,46431,36,1,655,1,0,1,1,0,1,0,1,0,0,0,1,1
36.90553746,186000,40635,36,1,713,1,0,1,0,1,1,0,1,0,0,0,1,1
36.90553746,50000,76272,36,1,666,0,0,1,1,0,1,0,0,1,1,0,0,0
36.90553746,31220,45009,36,1,624,1,0,1,0,1,1,0,1,0,0,1,0,1
36.90553746,185000,95400,36,1,696,1,1,0,0,1,1,0,1,0,0,0,1,1
36.90553746,163000,47051,36,0,712,1,0,1,0,1,1,0,1,0,0,0,1,1
36.90553746,360000,870348,36,1,704,1,0,1,0,1,1,0,1,0,0,0,1,1
36.90553746,149000,49632,48,0,628,1,0,1,0,1,0,1,1,0,1,0,0,1
36.90553746,257000,101388,36,1,712,1,0,1,0,1,1,0,1,0,1,0,0,1
36.90553746,131000,53472,18,0,719,1,0,1,0,1,1,0,1,0,0,1,0,1
36.90553746,102000,63620,18,1,709,1,0,1,0,1,1,0,1,0,1,0,0,1
36.90553746,135000,44769,36,1,654,1,0,1,0,1,1,0,1,0,0,0,1,1
36.90553746,95000,36792,36,1,634,1,0,1,1,0,1,0,1,0,0,1,0,1
36.90553746,77000,40835,36,1,716,1,0,1,1,0,0,1,1,0,0,1,0,1
36.90553746,130000,40542,36,0,616,0,0,1,0,1,1,0,0,1,1,0,0,0
36.90553746,390000,162216,36,1,703,1,0,1,0,1,1,0,1,0,1,0,0,1
36.90553746,185000,54868,36,1,639,1,0,1,0,1,1,0,1,0,0,1,0,1
36.90553746,100000,58838,36,1,675,1,0,1,0,1,0,1,1,0,0,1,0,1
36.90553746,123000,57641,36,0,634,1,0,1,0,1,1,0,1,0,0,1,0,1
36.90553746,110000,75120,36,1,700,1,1,0,0,1,1,0,1,0,0,1,0,1
36.90553746,256000,44196,36,1,682,1,0,1,0,1,1,0,1,0,0,0,1,1
36.90553746,140000,45250,36,1,623,1,0,1,0,1,1,0,1,0,0,1,0,1
36.90553746,61000,116628,36,1,714,1,0,1,0,1,1,0,1,0,0,0,1,1
36.90553746,188000,82020,36,1,650,1,0,1,0,1,1,0,1,0,0,1,0,1
36.90553746,131000,53424,36,1,622,1,0,1,1,0,1,0,1,0,1,0,0,1
36.90553746,31246,27144,48,0,705,1,1,0,0,1,1,0,1,0,0,1,0,1
36.90553746,116000,46812,36,1,718,1,0,1,0,1,1,0,1,0,0,0,1,1
36.90553746,50000,32244,18,1,625,1,0,1,0,1,0,1,1,0,1,0,0,1
36.90553746,107000,29149,36,1,635,1,0,1,1,0,1,0,1,0,0,1,0,1
36.90553746,200000,42291,36,1,693,1,1,0,0,1,1,0,1,0,0,1,0,1
36.90553746,119000,20912,36,0,675,1,0,0,1,0,1,0,1,0,0,0,1,1
36.90553746,120000,54156,36,1,642,1,0,1,0,1,1,0,1,0,1,0,0,1
36.90553746,140000,54000,36,1,653,1,0,1,0,1,1,0,1,0,0,1,0,1
36.90553746,165000,55626,36,1,652,1,0,1,0,1,0,1,1,0,0,0,1,1
36.90553746,108000,56904,36,1,629,0,1,0,1,0,1,0,0,1,0,1,0,0
36.90553746,93000,48984,36,1,715,1,0,1,0,1,1,0,1,0,0,1,0,1
36.90553746,102000,41004,36,1,672,1,1,0,1,0,1,0,1,0,0,0,1,1
36.90553746,122000,38460,36,1,657,1,1,0,0,1,1,0,1,0,0,1,0,1
36.90553746,160000,54758,36,1,687,1,0,1,0,1,1,0,1,0,1,0,0,1
36.90553746,157000,55039,36,1,621,1,0,1,1,0,1,0,1,0,0,1,0,1
36.90553746,180000,1760,36,1,640,1,1,0,1,0,0,1,1,0,0,1,0,1
36.90553746,80000,21092,18,0,711,1,0,1,0,1,1,0,1,0,1,0,0,1
36.90553746,104000,23810,36,0,718,1,1,0,1,0,1,0,1,0,0,0,1,1
36.90553746,213000,12198,36,0,685,1,0,1,0,1,1,0,1,0,1,0,0,1
36.90553746,65000,37500,36,1,650,1,0,1,1,0,1,0,1,0,0,0,1,1
36.90553746,146000,31799,36,1,640,1,0,1,0,1,1,0,1,0,1,0,0,1
36.90553746,135000,41760,36,1,664,1,0,1,0,1,1,0,1,0,0,0,1,1
36.90553746,187000,36414,36,0,671,1,0,1,1,0,1,0,1,0,1,0,0,1
36.90553746,300000,150000,36,0,664,1,1,0,1,0,1,0,1,0,0,0,1,1
36.90553746,120000,56004,36,1,709,1,0,1,1,0,1,0,1,0,0,1,0,1
36.90553746,71000,78000,36,0,693,1,0,1,1,0,1,0,1,0,0,0,1,1
36.90553746,225000,90000,36,1,691,1,0,1,0,1,1,0,1,0,0,0,1,1
36.90553746,70000,36876,18,1,661,1,0,1,1,0,1,0,1,0,0,0,1,1
36.90553746,70000,41940,18,1,640,1,0,1,0,1,0,1,1,0,0,1,0,1
36.90553746,124000,41266,36,1,683,1,0,1,0,1,1,0,1,0,0,0,1,1
36.90553746,132000,40692,36,1,627,1,0,1,1,0,1,0,1,0,1,0,0,1
36.90553746,105000,41633,36,1,654,0,0,1,0,1,1,0,0,1,1,0,0,0
36.90553746,90000,43440,36,1,718,1,1,0,1,0,1,0,1,0,0,0,1,1
36.90553746,83000,48000,60,1,704,1,0,1,1,0,1,0,1,0,0,0,1,1
36.90553746,125000,51096,36,1,694,1,0,1,0,1,1,0,1,0,0,0,1,1
36.90553746,147000,54000,36,1,700,1,0,1,0,1,1,0,1,0,1,0,0,1
36.90553746,120000,27093,36,1,642,1,0,1,0,1,1,0,1,0,1,0,0,1
36.90553746,110000,41246,36,1,642,1,0,0,1,0,1,0,1,0,0,1,0,1
36.90553746,103000,48996,36,1,666,1,1,0,1,0,1,0,1,0,0,1,0,1
36.90553746,150000,56724,36,0,665,1,0,1,1,0,1,0,1,0,1,0,0,1
36.90553746,100000,40067,24,1,695,1,0,1,0,1,1,0,1,0,1,0,0,1
36.90553746,550000,384000,36,0,674,0,0,1,0,1,1,0,0,1,0,1,0,0
36.90553746,260000,130680,12,1,642,0,0,1,0,1,1,0,0,1,1,0,0,0
36.90553746,150000,155292,3,1,641,1,1,0,1,0,1,0,1,0,0,0,1,1
36.90553746,90000,39312,36,1,675,1,0,1,1,0,0,1,1,0,0,1,0,1
36.90553746,199000,104436,36,0,694,0,0,1,1,0,0,1,0,1,1,0,0,0
36.90553746,139000,57621,36,1,665,1,0,1,0,1,1,0,1,0,0,1,0,1
36.90553746,150000,70800,36,1,664,1,0,1,1,0,1,0,1,0,0,0,1,1
36.90553746,180000,41161,36,1,639,1,0,1,1,0,1,0,1,0,0,0,1,1
36.90553746,113000,34852,36,1,631,1,0,1,0,1,1,0,1,0,0,0,1,1
36.90553746,148000,60000,36,1,666,1,0,1,1,0,1,0,1,0,1,0,0,1
36.90553746,117000,31916,36,0,681,1,0,1,0,1,0,1,1,0,0,0,1,1
36.90553746,72000,58260,36,1,676,1,0,1,0,1,1,0,1,0,1,0,0,1
36.90553746,125000,21662,3,1,697,0,0,1,1,0,0,1,0,1,0,1,0,0
36.90553746,214000,55198,36,1,646,0,0,1,0,1,1,0,0,1,0,0,1,0
36.90553746,133000,54287,35,1,682,1,0,1,0,1,1,0,1,0,1,0,0,1
36.90553746,187000,72405,36,1,707,1,0,1,1,0,1,0,1,0,0,1,0,1
36.90553746,143000,94740,36,1,648,1,0,1,0,1,0,1,1,0,1,0,0,1
36.90553746,209000,54056,36,1,624,1,0,1,1,0,1,0,1,0,1,0,0,1
36.90553746,116000,66996,36,1,710,1,0,1,1,0,1,0,1,0,0,0,1,1
36.90553746,65000,32496,36,1,642,1,1,0,1,0,1,0,1,0,1,0,0,1
36.90553746,80000,40530,24,1,637,1,0,1,1,0,1,0,1,0,1,0,0,1
36.90553746,170000,27216,36,0,623,1,0,1,1,0,0,1,1,0,0,1,0,1
36.90553746,120000,15709,36,0,710,1,0,1,1,0,0,1,1,0,0,0,1,1
36.90553746,135000,39671,36,1,647,1,0,1,0,1,1,0,1,0,0,0,1,1
36.90553746,79000,42768,36,1,660,1,1,0,0,1,1,0,1,0,1,0,0,1
36.90553746,110000,47496,36,1,715,1,1,0,1,0,1,0,1,0,1,0,0,1
36.90553746,130000,53796,36,1,690,1,0,1,0,1,0,1,1,0,1,0,0,1
36.90553746,143000,62700,36,1,624,1,0,1,0,1,1,0,1,0,1,0,0,1
36.90553746,159000,39049,18,0,693,1,0,1,1,0,1,0,1,0,0,0,1,1
36.90553746,110000,30992,36,0,710,1,0,1,0,1,0,1,1,0,1,0,0,1
36.90553746,131000,33333,36,1,714,1,0,1,0,1,0,1,1,0,0,0,1,1
36.90553746,65000,35016,36,1,649,1,1,0,1,0,1,0,1,0,1,0,0,1
36.90553746,143000,61536,36,1,712,1,0,1,0,1,1,0,1,0,1,0,0,1
36.90553746,187000,183744,36,1,674,1,0,1,0,1,1,0,1,0,0,0,1,1
36.90553746,160000,50128,36,1,680,1,0,1,0,1,1,0,1,0,0,1,0,1
36.90553746,165000,54953,36,1,692,1,0,1,0,1,1,0,1,0,0,1,0,1
36.90553746,110000,52296,36,1,674,1,0,1,0,1,1,0,1,0,0,0,1,1
36.90553746,173000,51917,36,1,703,1,1,0,0,1,1,0,1,0,1,0,0,1
36.90553746,150000,122742,18,1,716,1,0,1,0,1,1,0,1,0,0,0,1,1
36.90553746,135000,53796,36,1,642,1,0,1,0,1,0,1,1,0,0,1,0,1
36.90553746,150000,55436,36,1,639,1,0,1,0,1,0,1,1,0,0,1,0,1
36.90553746,235000,110004,36,1,711,1,0,1,0,1,1,0,1,0,0,1,0,1
36.90553746,31803,156996,36,1,675,1,0,1,0,1,0,1,1,0,1,0,0,1
36.90553746,336000,98455,36,1,643,1,0,1,0,1,1,0,1,0,1,0,0,1
36.90553746,132000,51996,60,1,695,1,1,0,0,1,1,0,1,0,1,0,0,1
36.90553746,96000,48996,36,1,686,1,0,1,1,0,1,0,1,0,0,0,1,1
36.90553746,128000,33846,36,0,699,1,0,1,0,1,0,1,1,0,1,0,0,1
36.90553746,412000,122690,36,1,684,1,0,1,0,1,1,0,1,0,0,1,0,1
36.90553746,116000,69996,36,1,696,0,0,1,1,0,1,0,0,1,0,0,1,0
36.90553746,114000,57552,36,0,699,1,0,1,0,1,1,0,1,0,0,1,0,1
36.90553746,115000,25600,36,1,711,1,0,1,0,1,0,1,1,0,1,0,0,1
36.90553746,104000,31180,36,0,656,1,0,1,0,1,1,0,1,0,0,0,1,1
36.90553746,88000,24242,36,1,701,0,0,1,0,1,1,0,0,1,1,0,0,0
36.90553746,108000,104472,48,1,678,0,0,1,0,1,1,0,0,1,1,0,0,0
36.90553746,90000,34802,36,1,705,1,0,1,0,1,0,1,1,0,0,0,1,1
36.90553746,100000,37492,36,1,664,1,0,1,0,1,1,0,1,0,0,0,1,1
36.90553746,108000,40282,36,1,644,1,1,0,0,1,1,0,1,0,0,1,0,1
36.90553746,78000,24396,36,1,690,1,1,0,1,0,1,0,1,0,0,1,0,1
36.90553746,123000,33773,36,1,637,1,0,1,0,1,1,0,1,0,0,1,0,1
36.90553746,187000,62120,36,1,664,1,0,1,0,1,1,0,1,0,0,1,0,1
36.90553746,146000,37971,36,1,633,1,0,1,0,1,1,0,1,0,0,1,0,1
36.90553746,80000,50556,36,1,626,1,1,0,1,0,1,0,1,0,0,0,1,1
36.90553746,100000,28483,36,1,670,1,0,0,1,0,0,1,1,0,1,0,0,1
36.90553746,55000,28344,36,1,687,1,1,0,1,0,1,0,1,0,0,0,1,1
36.90553746,200000,66396,36,0,659,1,0,1,1,0,1,0,1,0,1,0,0,1
36.90553746,150000,64608,36,1,696,0,0,1,0,1,1,0,0,1,0,1,0,0
36.90553746,150000,68496,36,1,632,1,0,1,1,0,1,0,1,0,1,0,0,1
36.90553746,118000,48767,18,1,634,1,0,1,0,1,0,1,1,0,1,0,0,1
36.90553746,150000,37098,3,1,622,1,0,1,0,1,0,1,1,0,0,0,1,1
36.90553746,118000,35422,36,1,716,1,0,1,0,1,0,1,1,0,0,1,0,1
36.90553746,212000,96143,36,1,683,1,0,1,0,1,1,0,1,0,1,0,0,1
36.90553746,212000,45232,36,1,706,0,0,1,0,1,1,0,0,1,1,0,0,0
36.90553746,125000,47103,36,1,712,1,0,1,0,1,1,0,1,0,0,0,1,1
36.90553746,108000,28158,36,1,702,1,0,1,0,1,1,0,1,0,0,0,1,1
36.90553746,149000,44168,36,1,667,1,0,1,0,1,0,1,1,0,1,0,0,1
36.90553746,80000,34752,48,1,642,1,0,1,0,1,0,1,1,0,0,0,1,1
36.90553746,152000,60744,3,1,681,1,1,0,1,0,1,0,1,0,1,0,0,1
36.90553746,187000,62208,36,0,638,0,1,0,1,0,1,0,0,1,0,1,0,0
36.90553746,74000,30540,36,1,696,1,1,0,1,0,1,0,1,0,0,0,1,1
36.90553746,102000,32404,36,1,679,1,0,1,0,1,1,0,1,0,0,0,1,1
36.90553746,100000,45041,36,1,624,1,0,1,0,1,1,0,1,0,1,0,0,1
36.90553746,130000,31699,36,1,689,1,0,1,1,0,1,0,1,0,1,0,0,1
36.90553746,125000,62160,36,0,643,1,0,1,0,1,0,1,1,0,0,0,1,1
36.90553746,130000,193439,36,1,710,1,0,1,1,0,1,0,1,0,0,1,0,1
36.90553746,138000,37308,36,1,667,0,0,0,1,0,1,0,0,1,0,0,1,0
36.90553746,28000,15670,18,1,645,1,0,1,0,1,1,0,1,0,1,0,0,1
36.90553746,92000,91200,36,1,622,1,1,0,1,0,1,0,1,0,0,1,0,1
36.90553746,104000,27672,36,1,636,1,1,0,0,1,1,0,1,0,0,0,1,1
36.90553746,176000,29546,36,0,666,1,0,1,1,0,1,0,1,0,0,0,1,1
36.90553746,117000,32499,36,0,673,1,1,0,1,0,1,0,1,0,0,1,0,1
36.90553746,102000,87975,36,1,704,1,0,1,0,1,0,1,1,0,1,0,0,1
36.90553746,107000,31266,36,1,694,1,0,1,0,1,0,1,1,0,0,1,0,1
36.90553746,66000,51996,48,1,629,1,0,1,1,0,1,0,1,0,0,0,1,1
36.90553746,105000,46128,36,1,630,1,0,1,1,0,0,1,1,0,0,0,1,1
36.90553746,105000,48161,36,0,677,1,0,1,0,1,1,0,1,0,0,1,0,1
36.90553746,105000,42948,36,1,633,1,0,1,0,1,1,0,1,0,0,1,0,1
36.90553746,64000,25284,36,1,621,1,1,0,1,0,0,1,1,0,0,1,0,1
36.90553746,150000,41377,18,0,632,1,0,0,0,1,1,0,1,0,0,1,0,1
36.90553746,150000,62166,36,1,688,0,0,1,0,1,1,0,0,1,0,0,1,0
36.90553746,30506,120000,36,1,637,1,0,1,0,1,1,0,1,0,0,0,1,1
36.90553746,64000,47316,36,1,659,0,0,1,0,1,0,1,0,1,0,1,0,0
36.90553746,40000,35100,18,1,650,1,0,1,1,0,1,0,1,0,1,0,0,1
36.90553746,142000,39341,48,0,703,1,0,1,0,1,1,0,1,0,0,0,1,1
36.90553746,70000,46356,3,1,669,1,0,1,0,1,1,0,1,0,0,1,0,1
36.90553746,131000,48336,36,1,637,1,1,0,1,0,1,0,1,0,0,1,0,1
36.90553746,120000,49145,36,1,689,1,0,1,0,1,1,0,1,0,0,0,1,1
36.90553746,114000,46213,36,1,636,1,1,0,0,1,1,0,1,0,0,0,1,1
36.90553746,92000,45996,36,1,690,1,1,0,0,1,1,0,1,0,1,0,0,1
36.90553746,160000,44284,36,1,620,1,0,1,0,1,1,0,1,0,0,0,1,1
36.90553746,151000,39809,36,1,664,1,0,1,0,1,1,0,1,0,1,0,0,1
36.90553746,81000,26783,36,0,300,0,1,0,1,0,1,0,0,0,1,0,0,0
36.90553746,171000,36123,36,1,698,1,0,1,0,1,0,1,1,0,0,1,0,1
36.90553746,110000,37334,36,1,707,1,0,1,0,1,1,0,1,0,0,1,0,1
36.90553746,100000,41742,36,1,632,1,0,1,1,0,1,0,1,0,1,0,0,1
36.90553746,234000,226080,36,1,651,1,0,1,0,1,1,0,1,0,1,0,0,1
36.90553746,184000,37060,36,1,667,1,0,1,0,1,1,0,1,0,1,0,0,1
36.90553746,138000,46256,36,1,660,1,0,1,1,0,1,0,1,0,0,1,0,1
36.90553746,112000,47420,48,0,685,1,1,0,0,1,0,1,1,0,0,0,1,1
36.90553746,117000,49823,36,1,688,1,1,0,1,0,0,1,1,0,1,0,0,1
36.90553746,49000,70746,36,0,633,1,0,1,0,1,1,0,1,0,1,0,0,1
36.90553746,99000,42096,36,1,695,1,0,1,1,0,1,0,1,0,1,0,0,1
36.90553746,99000,22064,36,1,713,1,1,0,0,1,0,1,1,0,0,0,1,1
36.90553746,212000,43912,36,1,628,0,1,0,1,0,1,0,0,1,1,0,0,0
36.90553746,240000,297564,36,1,649,1,0,1,1,0,1,0,1,0,0,1,0,1
36.90553746,130000,68444,36,0,632,1,0,1,0,1,1,0,1,0,0,1,0,1
36.90553746,94000,42000,36,0,644,1,1,0,1,0,1,0,1,0,0,1,0,1
36.90553746,108000,34773,36,1,651,1,0,1,0,1,1,0,1,0,0,1,0,1
36.90553746,110000,69228,18,1,704,1,1,0,1,0,1,0,1,0,0,1,0,1
36.90553746,185000,350004,36,1,637,1,0,0,1,0,1,0,1,0,0,1,0,1
36.90553746,122000,28049,36,1,641,1,0,1,1,0,1,0,1,0,0,1,0,1
36.90553746,126000,60000,36,1,708,1,0,1,0,1,1,0,1,0,1,0,0,1
36.90553746,135000,66360,36,1,624,1,1,0,1,0,1,0,1,0,0,0,1,1
36.90553746,122000,108000,36,1,631,1,0,1,1,0,0,1,1,0,1,0,0,1
36.90553746,460000,131666,36,1,720,1,1,0,0,1,1,0,1,0,0,0,1,1
36.90553746,140000,28614,36,1,646,1,0,1,0,1,0,1,1,0,1,0,0,1
36.90553746,141000,59796,36,1,719,1,0,1,1,0,1,0,1,0,0,0,1,1
36.90553746,0,103996,36,1,711,1,0,1,0,1,1,0,1,0,0,0,1,1
36.90553746,170000,46004,36,1,690,1,0,1,0,1,1,0,1,0,0,1,0,1
36.90553746,145000,40825,36,1,683,1,0,1,0,1,1,0,1,0,0,0,1,1
36.90553746,90000,39252,36,1,716,1,0,1,1,0,0,1,1,0,1,0,0,1
36.90553746,88000,28892,36,0,678,1,1,0,0,1,1,0,1,0,0,0,1,1
36.90553746,84000,31992,48,1,701,1,1,0,0,1,1,0,1,0,0,1,0,1
36.90553746,108000,77736,36,1,679,1,0,0,1,0,1,0,1,0,0,1,0,1
36.90553746,117000,44748,36,1,678,1,1,0,0,1,0,1,1,0,0,1,0,1
36.90553746,128000,49440,36,1,691,1,0,1,0,1,1,0,1,0,1,0,0,1
36.90553746,75000,90000,36,1,624,0,0,1,0,1,1,0,0,1,0,0,1,0
36.90553746,177000,179844,36,1,682,0,1,0,1,0,1,0,0,1,1,0,0,0
36.90553746,68000,8965,36,1,663,0,0,0,0,1,0,1,0,1,1,0,0,0
36.90553746,96000,31900,36,1,649,1,0,1,0,1,1,0,1,0,0,1,0,1
36.90553746,180000,33879,36,1,650,1,0,1,1,0,0,1,1,0,0,1,0,1
36.90553746,183000,90000,36,1,659,0,0,1,0,1,1,0,0,1,1,0,0,0
36.90553746,121000,46308,36,1,694,1,0,1,0,1,0,1,1,0,1,0,0,1
36.90553746,162000,81900,36,1,704,1,0,1,0,1,1,0,1,0,1,0,0,1
36.90553746,132000,49196,36,1,704,1,0,1,0,1,1,0,1,0,0,1,0,1
36.90553746,147000,63768,36,1,716,1,0,1,1,0,1,0,1,0,0,0,1,1
36.90553746,153000,33664,36,0,631,1,1,0,1,0,1,0,1,0,1,0,0,1
36.90553746,104000,26900,60,1,652,1,0,1,1,0,1,0,1,0,0,0,1,1
36.90553746,149000,60000,36,1,635,1,0,1,0,1,1,0,1,0,1,0,0,1
36.90553746,134000,45204,3,1,711,1,1,0,1,0,1,0,1,0,0,0,1,1
36.90553746,165000,95187,18,1,652,1,1,0,0,1,1,0,1,0,0,1,0,1
36.90553746,120000,51396,36,1,643,1,1,0,0,1,1,0,1,0,1,0,0,1
36.90553746,67000,23300,36,0,720,1,0,1,0,1,0,1,1,0,0,0,1,1
36.90553746,125000,57216,36,1,676,1,0,0,1,0,0,1,1,0,1,0,0,1
36.90553746,120000,39734,36,1,699,1,0,1,1,0,1,0,1,0,0,0,1,1
36.90553746,148000,33546,36,1,628,1,0,1,0,1,1,0,1,0,1,0,0,1
36.90553746,181000,21526,36,1,697,1,1,0,0,1,0,1,1,0,0,0,1,1
36.90553746,80000,40800,12,1,671,1,0,1,0,1,1,0,1,0,0,0,1,1
36.90553746,90000,63996,36,1,693,1,0,1,0,1,1,0,1,0,1,0,0,1
36.90553746,95000,36916,6,0,669,1,0,1,1,0,1,0,1,0,0,1,0,1
36.90553746,150000,61192,36,1,648,1,0,1,0,1,1,0,1,0,0,0,1,1
36.90553746,150000,84907,36,1,665,0,0,1,0,1,1,0,0,1,1,0,0,0
36.90553746,104000,43658,36,1,707,1,0,1,0,1,1,0,1,0,0,1,0,1
36.90553746,143000,66108,36,1,630,1,0,1,0,1,1,0,1,0,1,0,0,1
36.90553746,300000,116388,36,1,696,1,0,1,0,1,1,0,1,0,0,0,1,1
36.90553746,171000,46169,36,1,705,1,1,0,0,1,0,1,1,0,0,0,1,1
36.90553746,113000,56508,36,1,627,1,1,0,0,1,1,0,1,0,0,1,0,1
36.90553746,35000,20143,36,1,712,1,0,1,0,1,1,0,1,0,0,1,0,1
36.90553746,46000,28800,36,1,712,1,0,1,1,0,1,0,1,0,0,0,1,1
36.90553746,145000,38180,36,1,642,1,1,0,1,0,0,1,1,0,0,0,1,1
36.90553746,119000,29062,36,1,710,1,0,1,0,1,1,0,1,0,0,0,1,1
36.90553746,87000,31675,24,1,691,0,0,1,0,1,1,0,0,1,1,0,0,0
36.90553746,162000,54329,36,0,672,1,1,0,1,0,1,0,1,0,1,0,0,1
36.90553746,122000,36307,18,1,629,0,0,1,0,1,1,0,0,1,0,1,0,0
36.90553746,187000,51939,36,1,680,0,0,1,1,0,1,0,0,1,1,0,0,0
36.90553746,81000,42264,18,1,688,1,0,1,0,1,0,1,1,0,1,0,0,1
36.90553746,80000,56400,36,1,694,1,0,1,0,1,1,0,1,0,0,0,1,1
36.90553746,176000,82296,36,1,653,1,0,1,1,0,1,0,1,0,1,0,0,1
36.90553746,260000,100008,36,1,706,1,0,1,0,1,1,0,1,0,0,0,1,1
36.90553746,133000,42658,36,0,710,1,0,1,0,1,1,0,1,0,1,0,0,1
36.90553746,70000,34416,36,1,646,1,0,1,1,0,0,1,1,0,0,0,1,1
36.90553746,135000,42396,36,1,718,1,0,1,0,1,0,1,1,0,0,0,1,1
36.90553746,137000,30296,3,1,698,0,0,1,0,1,1,0,0,1,1,0,0,0
36.90553746,254000,104004,36,1,678,1,0,1,0,1,1,0,1,0,1,0,0,1
36.90553746,106000,42396,36,1,658,1,0,1,1,0,1,0,1,0,1,0,0,1
36.90553746,109000,70714,36,1,645,1,0,1,0,1,1,0,1,0,0,0,1,1
36.90553746,120000,65197,36,1,695,1,0,1,0,1,1,0,1,0,1,0,0,1
36.90553746,158000,63979,18,0,639,1,0,1,0,1,0,1,1,0,0,1,0,1
36.90553746,197000,92449,36,1,674,1,0,1,0,1,1,0,1,0,0,0,1,1
36.90553746,85000,47428,36,1,719,1,0,1,0,1,1,0,1,0,0,0,1,1
36.90553746,60000,30000,36,1,622,1,0,1,1,0,1,0,1,0,0,0,1,1
36.90553746,76000,37584,36,1,625,1,0,1,0,1,0,1,1,0,1,0,0,1
36.90553746,152000,50667,36,1,632,1,0,1,1,0,1,0,1,0,0,1,0,1
36.90553746,96000,106855,36,1,659,1,1,0,0,1,1,0,1,0,0,0,1,1
36.90553746,99000,29395,36,1,658,1,0,1,0,1,1,0,1,0,0,1,0,1
36.90553746,113000,49885,36,1,695,0,0,1,0,1,0,1,0,1,0,0,1,0
36.90553746,115000,50605,36,1,692,1,0,1,0,1,1,0,1,0,0,0,1,1
36.90553746,126000,40993,36,1,688,1,0,1,1,0,1,0,1,0,0,1,0,1
36.90553746,158000,62393,36,1,654,1,0,1,0,1,1,0,1,0,1,0,0,1
36.90553746,98000,110400,18,1,622,0,0,1,1,0,1,0,0,1,1,0,0,0
